1645878458802,1.5865226,1.4667358,8.303484
1645878458868,1.5543731,0.75301474,10.879118
1645878458935,1.3602705,0.8034845,10.232042
1645878459001,1.5368668,0.85943216,9.581385
1645878459067,0.85406923,0.58338076,11.097048
1645878459132,1.7035033,1.1127771,11.811545
1645878459198,2.5031762,1.8388426,13.208447
1645878459264,0.8950771,1.6126864,12.721955
1645878459330,-0.5505706,1.5440494,12.737996
1645878459395,-0.2224405,1.0613017,9.306606
1645878459463,-1.2895074,1.9697767,9.855463
1645878459528,-0.8420503,0.5551675,4.859655
1645878459593,-1.3828908,1.4131249,6.650872
1645878459660,-1.7180026,-0.5192066,9.122512
1645878459725,0.47081497,-0.11851299,8.467774
1645878459792,-0.6246185,-0.14762647,7.22776
1645878459858,0.6541055,1.0331651,6.8869596
1645878459923,0.54532254,0.93523264,9.121085
1645878459991,0.9082165,1.2978106,9.307066
1645878460056,-0.069738306,0.593695,8.567152
1645878460122,1.3238115,1.9553733,10.197192
1645878460188,1.4965963,3.7822928,9.729997
1645878460255,0.873242,2.6198218,9.012829
1645878460320,-0.23368368,1.962891,11.385635
1645878460387,-1.2418628,1.847931,12.546996
1645878460452,-1.3380427,0.7662116,11.072043
1645878460518,-1.0455862,0.4072537,7.5639725
1645878460585,-0.72548145,0.96272767,4.9757257
1645878460651,-0.50411355,1.1818929,7.020652
1645878460716,-0.11477803,1.2375053,11.138574
1645878460782,0.3593984,1.7920599,10.704849
1645878460848,0.5547748,2.1648083,8.610851
1645878460914,0.5172721,1.9240092,10.003128
1645878460980,0.4815793,1.6718998,10.817271
1645878461046,0.52009726,-0.0921193,13.403555
1645878461112,1.4011827,0.992004,8.948684
1645878461178,1.5427086,0.99931103,7.59119
1645878461244,1.2858683,0.9432963,7.6004415
1645878461309,0.90456766,0.9065693,7.2688346
1645878461376,0.68540245,0.86008346,11.140584
1645878461443,0.24297316,1.0435464,10.74625
1645878461507,0.082743615,1.248107,12.236429
1645878461574,-1.7964078,0.5370099,12.056453
1645878461639,0.25859293,-0.2706214,10.2553625
1645878461706,-0.23035094,0.4648965,6.6525764
1645878461772,1.2607675,0.83819085,5.9905033
1645878461838,0.11258494,1.6081278,6.7957788
1645878461904,0.35398751,1.9401845,11.347645
1645878461970,1.140952,2.313115,11.993264
1645878462036,1.2225655,2.0838175,11.791041
1645878462102,1.2420926,0.53662676,12.933583
1645878462168,1.6544604,-0.5131253,10.445087
1645878462234,1.3324307,0.14402561,7.6157165
1645878462300,1.1748636,0.39248627,5.769461
1645878462367,0.7573818,0.63177234,6.7581034
1645878462432,1.0712233,1.4365401,9.057916
1645878462498,0.27393496,2.1291063,11.812656
1645878462563,-0.24315512,1.6700227,13.930337
1645878462630,-0.46689808,1.0684268,13.516466
1645878462696,-0.052614976,-0.5510399,8.6828985
1645878462762,-0.35913983,-0.4409449,7.7595983
1645878462828,0.5911188,0.7197066,6.3022666
1645878462894,0.41743386,1.681898,6.193254
1645878462961,0.73094976,2.3273554,9.288104
1645878463026,0.7818026,2.4502547,12.352683
1645878463094,1.302168,2.4263222,11.733963
1645878463158,0.29243737,1.3536817,13.171662
1645878463224,1.1450796,-0.7989547,11.295566
1645878463290,0.8321479,0.26440606,7.196712
1645878463358,1.1419864,0.3059694,5.964713
1645878463423,0.79583263,0.82234126,6.9007406
1645878463489,0.87736,1.3041217,8.808795
1645878463554,0.9349645,2.306593,10.764523
1645878463621,0.7160961,1.9099218,13.458879
1645878463687,0.26956797,0.79375446,14.695428
1645878463753,0.9679374,-1.0512078,10.221518
1645878463818,0.15833335,-0.4058842,6.1622443
1645878463885,0.6163537,0.47562253,6.026081
1645878463951,0.2954062,1.5266675,6.5340924
1645878464018,0.42760444,2.38112,10.096148
1645878464082,0.30207166,2.6637216,11.588856
1645878464148,0.9699581,2.3597827,12.429
1645878464215,0.7073908,0.4203835,12.735563
1645878464280,1.6726564,0.29464963,9.816619
1645878464346,0.7950952,0.509534,8.875861
1645878464413,1.0424929,0.6226457,6.620274
1645878464478,0.39637446,1.1594065,4.8652954
1645878464545,1.0426462,1.505273,8.815163
1645878464610,1.125792,2.4066515,12.656708
1645878464679,0.110545084,1.5187379,15.475488
1645878464742,0.051532798,-0.5984259,12.75734
1645878464808,1.0499628,-1.0536691,7.4779534
1645878464874,0.0010821791,-0.11842679,6.475808
1645878464941,0.15716498,0.9845628,5.995196
1645878465007,0.19537644,1.9926558,6.8410387
1645878465072,0.9384122,2.541627,11.78969
1645878465139,1.215766,2.679514,12.252988
1645878465204,0.23086809,2.3762834,12.883926
1645878465270,0.7330662,-0.24863306,11.78043
1645878465336,1.2683237,0.5059044,8.371958
1645878465403,0.48870444,0.28324366,7.2737856
1645878465469,0.600303,1.2161587,5.7052293
1645878465535,0.21526745,1.452907,7.642378
1645878465601,0.012296621,1.7214214,11.79855
1645878465668,0.6014043,1.8622867,13.123109
1645878465733,-0.5011543,0.49282247,14.469741
1645878465799,0.7658764,-1.6614611,9.908413
1645878465864,-0.11551544,-0.82522386,7.912846
1645878465931,0.18921855,0.7533499,7.1220126
1645878465996,-0.31651345,1.6246479,6.0663323
1645878466062,0.2978291,2.4345393,8.867041
1645878466128,1.3789262,2.606127,12.0744095
1645878466195,0.8255495,2.3911178,12.569981
1645878466263,1.6195625,0.44786894,12.831323
1645878466326,1.902289,0.11855129,10.040717
1645878466395,0.9766811,0.2427529,8.267935
1645878466459,1.0507576,0.5893375,5.0304856
1645878466525,0.56410265,1.0929244,5.3889647
1645878466591,0.04606444,1.3626168,10.164832
1645878466656,0.49533162,2.071923,12.376337
1645878466722,-0.37254736,1.4410988,15.123492
1645878466788,-0.4966436,-0.96959424,13.250575
1645878466854,0.70410603,-1.2518322,7.7228136
1645878466920,0.0884897,-0.14310622,6.5327134
1645878466987,0.2568691,1.241001,5.5938897
1645878467053,0.31569943,2.528181,7.577495
1645878467119,0.6472197,2.945366,11.82635
1645878467185,1.0603058,2.6691518,12.097106
1645878467250,1.1146253,0.8617498,13.461523
1645878467318,1.9424925,-0.3358969,10.080077
1645878467384,0.777359,-0.0045777136,8.407182
1645878467448,1.4514705,0.15181154,7.094958
1645878467515,0.8195544,0.9199097,6.010528
1645878467581,0.7106566,0.99345005,8.484313
1645878467647,0.8852513,2.070113,10.663736
1645878467712,0.34650803,1.9636189,14.003399
1645878467778,-0.33672053,1.1425897,13.947748
1645878467844,0.69293946,-1.4925263,9.927509
1645878467910,0.097769625,-0.90444326,7.2858143
1645878467976,0.51148766,0.86194134,5.425357
1645878468044,0.42077616,1.697987,6.0460486
1645878468108,0.43525627,2.362579,11.363771
1645878468175,0.91256434,2.7706947,11.514684
1645878468241,1.5221856,2.0335393,12.886092
1645878468307,1.4775193,-0.16075628,13.281336
1645878468373,1.8824267,-0.017611748,8.51359
1645878468439,0.9811055,0.15652333,7.3401628
1645878468504,1.5499774,0.74562144,6.5930376
1645878468569,1.0778408,1.2300547,6.400419
1645878468636,1.1896118,1.3692439,10.242031
1645878468702,1.5602055,1.8876173,11.81912
1645878468767,0.45195824,1.1840572,15.217402
1645878468834,-0.67336446,-0.10261548,11.874494
1645878468901,1.3941245,-1.6373371,8.551312
1645878468967,0.32634884,-0.067363255,6.5877895
1645878469033,-0.02576161,1.5442505,6.611253
1645878469098,-0.06788041,2.2843268,8.1880455
1645878469165,-0.19408357,2.4089787,10.224199
1645878469231,1.138261,2.280611,10.573464
1645878469296,0.87374,1.8709824,13.3073845
1645878469362,1.3415382,-0.53172344,13.316723
1645878469428,1.5036927,0.5519593,7.468722
1645878469494,1.3880911,-0.07167282,7.816532
1645878469561,0.83349824,0.7298963,6.4828854
1645878469627,0.8666244,1.0499628,7.0040455
1645878469693,0.8063767,1.560397,11.333624
1645878469759,0.2959712,1.3777003,12.409224
1645878469824,-0.08670841,1.4925933,12.783725
1645878469891,-0.39043683,-0.8187021,11.588329
1645878469957,0.16888699,-1.5732778,9.004774
1645878470023,-0.17244956,-0.26275885,6.896268
1645878470089,-0.10563218,0.95413727,7.401416
1645878470154,-0.079267226,1.7220823,8.265368
1645878470220,-0.17951724,2.1507304,9.788196
1645878470287,0.4404086,1.9225631,10.138468
1645878470352,0.9882307,1.5077533,12.898503
1645878470419,0.8115003,-1.2465172,13.493932
1645878470485,1.2447933,-0.6120537,8.821503
1645878470551,0.80301523,-0.5419515,6.863726
1645878470617,0.7729441,0.3058928,7.7968135
1645878470684,0.53632987,0.83355564,7.5619426
1645878470749,0.5926224,1.439394,9.654704
1645878470814,0.7469909,1.625845,10.835496
1645878470880,-0.030262709,0.9230222,13.346075
1645878470947,-0.68383193,0.53497005,13.622538
1645878471013,1.2406466,-1.7125245,9.719061
1645878471078,-0.76857704,-1.1787039,7.190487
1645878471144,0.04388093,0.7690176,6.8738585
1645878471212,-0.3598964,1.6327785,7.3392816
1645878471278,-0.04024174,2.1540248,10.289034
1645878471344,-0.050163314,2.17971,10.621522
1645878471414,0.6393476,1.6749835,11.842823
1645878471474,0.7607815,1.1051252,12.1767
1645878471541,0.9509578,-1.9403473,12.064219
1645878471607,1.046678,-0.36031777,6.7029314
1645878471673,1.4221176,0.52575713,7.3534937
1645878471739,0.0141257895,0.9720267,6.849792
1645878471805,0.5731623,1.2892202,9.105599
1645878471870,0.50446784,2.183531,10.531614
1645878471936,0.3151344,1.6810552,11.642389
1645878472002,-0.065218054,0.93726295,11.989425
1645878472068,-0.086239144,-1.3178357,12.23348
1645878472135,-0.6327684,-1.4086046,8.556953
1645878472201,-0.3746255,0.38585913,8.018957
1645878472267,-0.10402328,1.1287032,6.945225
1645878472332,0.13101071,1.8542325,8.315235
1645878472398,0.15394717,1.4215142,10.229955
1645878472464,0.34227508,1.9609566,11.282685
1645878472531,0.30672598,1.5477653,12.666045
1645878472597,0.7022002,-1.0483155,12.379938
1645878472663,1.168696,-0.11811075,7.955635
1645878472728,1.4480898,-0.44604933,7.879251
1645878472794,1.5244936,0.54044795,6.887122
1645878472860,1.0080259,0.85880977,7.5170274
1645878472926,0.82667,1.1095401,10.829089
1645878472994,1.0614741,1.6183941,11.109613
1645878473059,0.2097991,0.9877136,12.580285
1645878473124,-0.29682356,0.23002534,12.813317
1645878473190,1.3330148,-1.2185433,9.051624
1645878473257,-0.7406702,-0.9023363,7.825065
1645878473323,0.20419668,0.56199574,7.590031
1645878473388,0.22550507,1.4352665,6.6441107
1645878473455,0.51124823,1.7593647,9.6051445
1645878473520,1.0819876,1.9361718,10.524451
1645878473587,1.8788832,1.9407111,10.603307
1645878473653,0.5108365,0.7196013,12.49304
1645878473719,0.7859015,-1.5541338,13.783678
1645878473784,0.89022166,0.039418135,8.764435
1645878473850,1.4333894,-0.25129542,7.6135902
1645878473918,0.62663925,0.56937945,5.586889
1645878473983,0.6408608,0.5478029,7.0149727
1645878474048,1.3131622,1.4517003,12.145373
1645878474115,1.2693866,2.0010834,11.51
1645878474180,0.96901006,0.820694,11.9229145
1645878474246,0.106915474,-1.2241936,13.947603
1645878474313,0.5631162,-1.4911184,8.744257
1645878474380,-0.19652565,-0.06286216,6.6870437
1645878474444,0.568642,0.65544623,5.8917856
1645878474511,0.86863554,1.3828335,7.73081
1645878474577,1.1847085,1.4694461,11.457931
1645878474644,1.4187752,1.828107,10.193295
1645878474709,1.8786726,0.96182746,12.860828
1645878474776,1.7167479,-1.7447888,12.861594
1645878474847,2.2647808,-0.39043683,7.68759
1645878474907,1.5366178,-1.0207344,8.390854
1645878474973,1.6296278,0.16816874,6.6938334
1645878475039,0.7364086,0.61969596,6.936376
1645878475104,1.1576923,0.9403849,11.430734
1645878475170,0.706912,1.2698845,11.310027
1645878475236,0.2688976,0.59697986,12.852602
1645878475302,-0.8007168,-0.15068147,13.518793
1645878475369,2.2833118,-1.81469,9.40973
1645878475434,0.17911503,-1.4560864,6.9002905
1645878475501,0.62591136,0.38769788,6.1847973
1645878475568,0.27366683,0.9970509,7.7364793
1645878475632,0.4519295,1.1403008,11.023603
1645878475698,-0.109884284,1.8413805,10.381478
1645878475764,0.6626288,2.2475903,10.0915985
1645878475831,0.7539437,0.7360063,12.280789
1645878475897,2.1029425,-0.98998326,13.058743
1645878475964,1.5858426,-0.6461759,7.1330357
1645878476028,1.9312015,-1.0944278,8.374065
1645878476096,1.0458353,0.6042007,7.137776
1645878476161,0.2583248,0.977045,8.792955
1645878476228,0.6542012,1.4112383,10.054737
1645878476293,1.0702752,1.5159223,10.386928
1645878476359,0.74998844,0.60895085,11.898521
1645878476424,-0.40145975,0.3684006,14.121327
1645878476491,1.8742769,-1.4490284,10.753538
1645878476556,-0.5493831,-1.4174632,6.6764708
1645878476622,0.20190783,0.43717167,8.220262
1645878476688,-0.47236642,1.2335502,8.3207035
1645878476755,-0.18518671,1.5867907,8.968469
1645878476825,0.73052835,1.3617357,9.600367
1645878476887,0.9887287,1.6981211,10.873813
1645878476953,-0.32781407,1.1985565,12.475754
1645878477018,1.7248309,-1.2049539,12.305507
1645878477085,1.1517835,-0.6454959,8.83628
1645878477151,1.1715595,-1.1810405,7.533787
1645878477217,1.3773555,0.089236684,7.8007975
1645878477282,0.28365543,0.74053615,7.969637
1645878477349,0.44813707,0.64776564,10.461866
1645878477414,1.3762733,1.0759159,10.217054
1645878477481,-0.011511322,0.6573903,12.518659
1645878477546,-0.33367512,-0.28097394,12.840976
1645878477613,1.3895276,-1.7201093,10.941359
1645878477679,-1.3695409,-1.1163876,6.6846113
1645878477744,-0.07567593,0.32700965,9.020078
1645878477810,-0.6757682,1.1410382,7.68306
1645878477876,0.40801027,1.505206,9.039519
1645878477944,0.7901536,1.3094368,9.452022
1645878478008,1.2754582,1.5430151,10.85488
1645878478075,0.3410301,1.3121853,12.378415
1645878478141,1.0286735,-1.1908089,12.969046
1645878478206,1.5016911,-0.6650997,7.7796426
1645878478275,1.176367,-0.6522093,7.9780645
1645878478338,0.26222253,0.4225287,7.683472
1645878478404,0.51045334,0.8960348,8.047486
1645878478470,0.7870507,0.92472684,9.769291
1645878478536,1.3861566,1.2955887,10.503344
1645878478603,1.2752668,0.9925498,10.871045
1645878478668,0.40425617,0.9114534,12.35049
1645878478735,0.6273671,-1.3059413,11.78225
1645878478800,-0.46727154,-1.8774468,8.160081
1645878478868,0.30575868,0.113858655,8.411865
1645878478932,-0.0045872903,0.87531054,6.867327
1645878478998,0.26255774,1.3819236,8.929951
1645878479064,0.53323656,1.1944577,10.062045
1645878479130,0.7988302,1.6983796,8.817318
1645878479196,1.6656078,1.2689365,12.562903
1645878479263,1.5468745,-0.75858843,12.701306
1645878479328,2.1121743,-0.3519189,8.523281
1645878479395,1.844627,-1.1299195,7.48619
1645878479460,2.61714,-0.5207485,8.755615
1645878479528,1.1181401,0.8000943,8.290258
1645878479594,1.0879349,1.1879741,9.565918
1645878479658,1.2526847,1.2166759,10.147862
1645878479724,1.2243181,0.3235141,9.855606
1645878479791,0.7353551,0.5426602,12.242636
1645878479856,1.8762976,-1.2094836,12.719043
1645878479924,-0.19056888,-1.0471663,7.3128686
1645878479988,0.4445841,-0.08136455,8.964983
1645878480055,0.20115125,0.49269795,7.306385
1645878480121,0.1495993,1.0550289,8.702626
1645878480186,0.44554177,0.9726971,10.155198
1645878480252,0.87425715,1.5259589,9.468896
1645878480318,1.0713191,1.0386717,12.277744
1645878480384,1.5397973,-0.80412614,11.992001
1645878480450,1.6471725,-0.63460714,9.648825
1645878480518,1.034094,-1.2941043,7.9781694
1645878480583,2.5573714,-0.4483382,8.081284
1645878480648,1.1713297,0.16006674,7.673886
1645878480714,1.1280329,0.5539608,9.808087
1645878480780,0.98786676,1.2051262,10.4045105
1645878480846,-0.1212711,0.8285853,11.189694
1645878480912,0.35711914,0.16319837,11.160944
1645878480978,1.4981574,-1.753657,12.985049
1645878481045,-0.18822256,-1.4576858,7.912712
1645878481111,-0.24028209,0.2184278,8.3176
1645878481177,-0.15298949,0.61282945,6.773494
1645878481244,0.23698765,1.4074842,8.664386
1645878481309,0.23663332,1.182228,10.326805
1645878481374,0.98106724,1.655035,10.160522
1645878481440,1.437249,1.5701271,12.002075
1645878481506,1.2656995,-1.6789962,13.798388
1645878481574,1.594749,-0.48532385,9.680954
1645878481639,0.6968755,-0.6640079,6.1718016
1645878481704,2.1025784,-0.15377478,7.029807
1645878481771,0.18677646,0.3358586,8.564462
1645878481836,0.50067544,1.3159586,9.874731
1645878481902,0.9981427,1.6145827,10.468533
1645878481968,0.3101928,0.4694072,11.022846
1645878482035,-0.020915747,0.72754043,11.501227
1645878482101,0.09087432,-1.3418064,12.421415
1645878482166,0.0386903,-1.7367444,8.392252
1645878482233,-0.04699339,0.009414001,8.037594
1645878482299,-0.58928007,0.9805884,7.2662683
1645878482365,-0.39372167,1.6757497,8.5975685
1645878482430,-0.34924698,1.3304865,9.743826
1645878482496,0.5305838,1.2426482,10.289762
1645878482563,0.93845046,1.424234,11.3390255
1645878482629,0.34021607,-0.9318233,12.792976
1645878482694,1.471687,-0.62339264,9.535167
1645878482760,0.2588994,-0.5093425,6.8704586
1645878482827,2.1827364,-0.16894445,8.3362465
1645878482893,0.08129752,0.73884106,8.440471
1645878482959,0.34138444,1.3413658,9.080814
1645878483027,1.081844,1.3177112,10.012858
1645878483091,0.2941516,0.5777975,11.3688755
1645878483157,-0.11973882,0.71966827,12.130175
1645878483222,-1.2887509,-1.44899,12.6613245
1645878483288,0.7689697,-1.5431778,8.056891
1645878483354,-0.34753275,-0.48341805,7.7972255
1645878483420,-0.5620341,0.8987737,7.2596602
1645878483486,-0.39632657,1.4971806,8.334197
1645878483552,-0.78476185,1.5691407,9.857417
1645878483618,-0.105402336,1.8208191,9.732334
1645878483684,0.4465378,1.218189,12.316214
1645878483750,0.014068329,-0.8527093,13.747736
1645878483816,0.75943124,-0.7504386,9.198331
1645878483882,0.523315,-0.7561847,7.0148673
1645878483948,1.7444346,-0.33781227,7.7721725
1645878484014,0.15008773,0.726918,8.208521
1645878484080,0.0267576,1.2674712,9.433347
1645878484146,0.33752498,1.4675211,9.925201
1645878484212,0.11250833,0.52076757,11.424977
1645878484278,-0.644318,0.6710851,12.555127
1645878484344,0.00500867,-1.5027925,13.164393
1645878484410,-0.93343216,-1.2636118,6.407937
1645878484476,0.005602432,-0.26895505,8.71161
1645878484544,-0.36766317,0.6028983,7.410112
1645878484609,-0.21364899,1.4961846,8.837478
1645878484674,-0.48982495,1.5407071,10.1821575
1645878484740,0.33748665,1.4573122,9.757837
1645878484807,-0.35567304,0.43494025,12.428722
1645878484872,0.6571413,-1.8180419,14.906913
1645878484939,0.95748913,-0.055555057,6.995187
1645878485005,1.0657454,-0.35133475,8.085506
1645878485071,0.28692114,0.31630278,7.2067766
1645878485138,0.32997847,0.69161785,8.791585
1645878485203,0.076327145,1.2672223,10.020912
1645878485268,0.07578127,1.9451452,10.013231
1645878485335,0.1790767,0.87724507,11.805943
1645878485400,-1.218821,0.86135715,12.677182
1645878485469,0.5549376,-1.8794578,11.734998
1645878485533,-0.3820763,-1.6929879,7.479582
1645878485599,0.17522684,0.43336967,7.778589
1645878485664,-0.7539628,1.3050889,7.8656135
1645878485731,-0.26870605,1.4999769,9.243601
1645878485797,0.16870503,1.1119822,9.746163
1645878485862,0.32270008,1.3993056,10.72635
1645878485928,-0.16012421,1.4151648,12.662167
1645878485994,0.62542295,-1.6228952,13.609303
1645878486061,2.1068017,-0.010984597,7.2411957
1645878486126,0.88482034,-0.8513111,7.0194645
1645878486194,1.0308187,-0.45258075,8.694064
1645878486259,0.62558573,0.7945877,8.033159
1645878486325,0.27173233,1.293817,9.793578
1645878486391,0.18319473,1.8554776,10.516972
1645878486457,-0.023558944,0.75957483,11.552675
1645878486523,-0.937713,0.3438265,12.150842
1645878486588,0.075513124,-1.784207,12.706622
1645878486654,-1.095625,-1.3547734,6.5001616
1645878486721,-0.41752005,-0.0740766,8.4540415
1645878486786,-1.0543394,0.6899515,8.083007
1645878486853,-0.89116013,1.053554,9.036627
1645878486919,-0.7023343,1.005785,9.520007
1645878486984,-0.050278235,1.1241926,9.798922
1645878487051,-0.34122163,1.317893,12.714456
1645878487117,0.37526718,-1.1513524,13.999117
1645878487182,0.28824273,-0.83833456,7.6516294
1645878487248,-0.56133497,-1.285897,7.471968
1645878487315,-0.02957318,0.14474384,7.5555067
1645878487380,-0.39453572,0.6916465,9.519748
1645878487446,0.16831237,0.5997188,9.808269
1645878487512,0.4341741,1.0885764,9.646479
1645878487578,-0.033394326,0.8228584,10.906116
1645878487644,0.2506825,0.58186764,11.234676
1645878487710,-1.9391118,-1.449488,14.095738
1645878487776,-0.76510066,-1.2595321,6.883368
1645878487843,-1.1716648,-0.3452439,6.986194
1645878487908,-0.6793595,0.5192832,8.283325
1645878487974,-0.7163356,1.2585936,9.415897
1645878488041,-0.07695922,1.0749677,9.651362
1645878488108,-0.05442499,1.5533197,9.48668
1645878488172,0.13858597,1.6042396,11.563458
1645878488238,-0.5076474,-0.36468482,13.580353
1645878488305,1.2521867,-0.70538926,9.359768
1645878488370,0.3761195,-0.78822863,6.874299
1645878488437,1.4964622,-0.32457715,8.674662
1645878488503,0.38389587,0.7604176,7.9100785
1645878488568,0.42283517,1.0957687,10.504531
1645878488635,0.8528242,1.5701271,10.425734
1645878488700,0.5541332,0.75820535,10.017206
1645878488767,0.58106315,0.5679429,12.05267
1645878488833,-2.1805718,-0.029975405,12.675316
1645878488899,0.8804821,-1.1781483,8.690464
1645878488965,-1.5949883,-0.30770278,5.4266977
1645878489031,0.21136013,0.7969723,9.850435
1645878489097,0.40434235,1.5322125,8.883905
1645878489175,0.8137796,1.9157252,8.448918
1645878489228,0.75947905,1.5977849,9.0236025
1645878489295,0.5425644,2.131931,9.470648
1645878489361,0.7735857,1.631524,11.272763
1645878489427,-0.4595622,-1.3888668,14.599736
1645878489493,0.44083,-0.379548,10.238219
1645878489558,0.7011659,-0.18396087,7.8794994
1645878489625,0.4217051,0.4773272,6.182346
1645878489691,0.14485878,0.8215368,8.509396
1645878489757,0.97449756,1.829668,10.445203
1645878489827,0.69120604,2.1079605,9.96121
1645878489889,0.04648582,0.7975756,11.81395
1645878489954,0.22241175,-0.52361196,13.253677
1645878490020,0.14763604,-0.87382615,8.413665
1645878490088,-0.59833974,-0.45200613,7.989671
1645878490153,-0.058102485,0.55268705,7.9480023
1645878490219,-0.2896984,1.4141784,8.1233635
1645878490285,0.23683442,1.2178346,9.396878
1645878490350,-0.097664274,1.5664974,9.565937
1645878490417,0.27439466,1.3694259,11.768038
1645878490483,0.21387883,1.6319358,11.961949
1645878490548,1.1110148,-2.0154965,13.160323
1645878490615,1.1526741,-0.8606293,6.9551077
1645878490681,1.2556821,-0.306544,7.984529
1645878490746,0.2891717,0.76511025,8.000656
1645878490812,0.86804175,1.2976382,9.025814
1645878490879,1.3784473,1.7999799,9.640943
1645878490945,0.95346683,1.461574,10.396065
1645878491012,1.3273838,0.7586554,11.194416
1645878491076,-1.280898,0.056273315,12.816334
1645878491144,1.2449371,-1.0640024,11.056528
1645878491208,-0.69181895,-0.061789557,7.423414
1645878491275,0.45922706,1.1879549,7.087153
1645878491341,0.28883648,1.1374086,8.140889
1645878491407,0.30794224,1.3379469,9.534601
1645878491473,0.55192095,1.7245052,9.440203
1645878491539,0.48767972,1.4922389,11.6540165
1645878491605,0.3536715,0.6879595,13.439324
1645878491671,1.291873,-0.77500314,11.06806
1645878491736,0.7155599,-0.3018801,5.6017904
1645878491803,1.5492017,-0.4577043,8.06868
1645878491869,0.44779232,0.6285929,8.48688
1645878491935,0.4269149,1.4043142,9.564242
1645878492001,0.6603113,1.9969653,10.138391
1645878492067,0.38325423,1.5958216,10.425283
1645878492133,0.7552653,0.7897993,10.545616
1645878492199,-2.2147515,-0.5725494,14.014919
1645878492264,1.1064372,-1.0374554,8.962924
1645878492330,-0.6449501,-0.58479816,6.5887666
1645878492397,0.29922733,0.52844816,8.890552
1645878492462,-0.139898,1.420116,8.225826
1645878492529,-0.28070578,1.2175857,9.483538
1645878492595,0.3556443,1.5039034,8.767988
1645878492660,0.7257112,1.3935117,11.654563
1645878492727,-0.19411229,0.7368682,13.217467
1645878492794,0.478237,-0.7065002,11.889691
1645878492858,0.6240631,-0.4452449,6.107197
1645878492925,1.8548934,-0.9348783,7.895838
1645878492990,0.17221014,0.6237566,8.555259
1645878493056,0.37911707,1.886516,9.45407
1645878493123,1.0176985,1.7228197,9.754964
1645878493189,0.92069507,1.4694269,9.369411
1645878493255,0.7975086,1.0700933,12.385685
1645878493324,-1.440955,0.6741689,12.81687
1645878493390,-0.11605174,-1.1457309,11.612587
1645878493452,-1.103047,-1.1866143,5.8501263
1645878493519,0.20018399,0.12353123,8.431134
1645878493584,0.09294291,0.99345005,8.200208
1645878493651,-0.02396117,1.6796857,9.845216
1645878493717,-0.329672,1.4996992,9.896135
1645878493783,0.26684815,1.4774139,9.431996
1645878493848,0.8141339,1.5246372,11.467201
1645878493915,0.57345915,-0.78905225,13.069353
1645878493980,1.2939318,-0.7365522,8.529314
1645878494048,0.42936656,-0.8460534,8.190995
1645878494113,1.2115715,-0.20910001,8.242614
1645878494179,0.07399041,1.1066958,8.856487
1645878494245,0.52818966,1.1653633,9.830334
1645878494310,0.64048725,1.8388426,9.196934
1645878494377,0.54800403,0.9769301,11.251349
1645878494443,2.1890185,0.36395696,10.34798
1645878494509,-1.0008147,0.09952218,10.593711
1645878494575,0.5537884,-1.0280223,11.88951
1645878494641,-1.5506765,-0.3479158,6.52487
1645878494707,-0.13107775,0.13797306,8.701966
1645878494773,-0.9220837,0.6550344,8.267504
1645878494839,-0.4074261,1.2502234,9.914724
1645878494904,-0.94585335,1.3075215,10.479631
1645878494971,-0.07108864,2.0346406,11.11852
1645878495037,0.98794335,1.7955842,11.030575
1645878495103,1.1442177,1.404161,11.43282
1645878495168,-0.22105184,1.3074256,11.465382
1645878495234,0.36982754,1.6294075,9.50884
1645878495300,0.17837761,1.5923549,9.5162525
1645878495367,0.5869338,1.7727052,8.988915
1645878495432,0.40173745,2.4462323,7.6762986
1645878495499,0.16194381,2.878673,10.736816
1645878495565,0.93464845,3.4062402,10.351293
1645878495633,0.7153396,3.6590967,8.713189
1645878495697,1.3824313,2.4236598,7.6845255
1645878495762,-0.101495,2.1450322,7.246281
1645878495828,0.40142146,3.1458662,6.8310695
1645878495894,0.9585618,2.5383518,7.7573
1645878495961,0.638026,1.9428468,9.473827
1645878496027,0.8513303,1.4166778,10.19792
1645878496093,1.0861152,1.290695,10.417937
1645878496159,0.82138354,1.3392208,10.490463
1645878496224,0.4305349,1.5282668,8.502682
1645878496290,0.5020354,1.061225,10.278356
1645878496357,-0.014039598,0.9553823,9.280845
1645878496422,0.3463931,1.1675277,9.161461
1645878496489,0.9060617,0.7989834,9.075289
1645878496555,0.2808207,0.8113662,9.809121
1645878496620,-0.23988943,0.5514612,9.801402
1645878496688,0.2890376,0.18538783,9.76118
1645878496753,0.27930754,-0.080751635,9.603478
1645878496819,0.6923456,-0.17040011,9.787133
1645878496884,0.42871532,-0.1191259,9.786989
1645878496951,0.67356557,-0.7448074,9.47196
1645878497019,0.9302336,-0.6157025,9.684814
1645878497084,0.5060576,0.03178542,9.776013
1645878497149,0.8689994,-0.49308106,9.487245
1645878497215,0.036813244,0.48337018,10.078402
1645878497281,0.59802365,-0.8937842,8.894393
1645878497347,0.2226416,0.24784777,8.950646
1645878497412,0.24268587,0.36647567,9.9469595
1645878497478,0.15857276,0.086085916,9.757444
1645878497545,0.1511699,0.09707051,9.734738
1645878497611,0.15320976,0.08805874,9.732018
1645878497676,0.15153381,0.09896672,9.723534
1645878497744,0.16378255,0.09002198,9.736855
1645878497808,0.15123694,0.095136,9.738013
1645878497875,0.16123512,0.083279915,9.728293
1645878497940,0.17436491,0.08810662,9.728782
1645878498007,0.15080597,0.085836925,9.729901
1645878498073,0.14833516,0.087378785,9.7306
1645878498138,0.14870864,0.0866318,9.719453
1645878498206,0.16137877,0.103161365,9.729586
1645878498271,0.14999194,0.09313445,9.736777
1645878498339,0.15921442,0.09241618,9.738914
1645878498404,0.1586398,0.105057575,9.732852
1645878498469,0.16410816,0.108304106,9.726024
1645878498535,0.15329595,0.09078813,9.730831
1645878498600,0.17134821,0.1010832,9.725276
1645878498666,0.16736427,0.09392932,9.72336
1645878498734,0.15836208,0.0984783,9.733646
1645878498798,0.15355451,0.091065854,9.730735
1645878498864,0.16343778,0.0932781,9.710345
1645878498930,0.15725118,0.08844181,9.732439
1645878498996,0.15376522,0.09696517,9.726818
1645878499062,0.14946522,0.1007097,9.728484
1645878499128,0.16192465,0.0983155,9.715344
1645878499195,0.15430151,0.09859322,9.732689
1645878499260,0.15912822,0.10038409,9.723466
1645878499326,0.15931018,0.08941865,9.725487
1645878499395,0.16560215,0.091037124,9.722499
1645878499459,0.16067965,0.095049806,9.7260895
1645878499524,0.16592775,0.08913134,9.724452
1645878499590,0.14420755,0.09843999,9.724404
1645878499656,0.15668614,0.09008902,9.743597
1645878499722,0.1510071,0.09465716,9.740235
1645878499788,0.160536,0.09767385,9.721417
1645878499855,0.16580325,0.085578345,9.721895
1645878499921,0.1500111,0.08808747,9.729069
1645878499986,0.16188633,0.09667786,9.733627
1645878500053,0.15819927,0.09386228,9.744362
1645878500119,0.15642756,0.09565315,9.751842
1645878500185,0.15452178,0.105555564,9.734518
1645878500251,0.16658854,0.10115023,9.746029
1645878500316,0.15352578,0.09491573,9.742505
1645878500382,0.15292245,0.101925954,9.739977
1645878500448,0.1499345,0.09916783,9.746221
1645878500515,0.15424405,0.10411904,9.739287
1645878500581,0.16007632,0.086938255,9.732775
1645878500648,0.14596969,0.09982864,9.721282
1645878500712,0.16112019,0.086804174,9.737161
1645878500778,0.1562456,0.091228664,9.743261
1645878500844,0.15548903,0.09440816,9.73039
1645878500910,0.152367,0.082044505,9.73219
1645878500976,0.14155477,0.094197474,9.727891
1645878501043,0.15364072,0.102213256,9.716092
1645878501108,0.16672263,0.095078535,9.747102
1645878501174,0.1536024,0.09045294,9.738751
1645878501240,0.15191689,0.09836338,9.748346
1645878501307,0.15297034,0.09453266,9.733158
1645878501372,0.15998057,0.09928276,9.734681
1645878501438,0.17043842,0.09241618,9.728829
1645878501504,0.16103402,0.10541191,9.738186
1645878501570,0.1579407,0.10219411,9.736835
1645878501636,0.16147453,0.0924928,9.726512
1645878501702,0.15936765,0.09428366,9.736203
1645878501769,0.15280752,0.09408255,9.745637
1645878501834,0.14907257,0.0818817,9.730371
1645878501900,0.15963578,0.092904605,9.732391
1645878501966,0.15696387,0.09452309,9.730965
1645878502033,0.15679148,0.08719682,9.727154
1645878502098,0.16637787,0.08817366,9.735408
1645878502165,0.16312174,0.10132261,9.741519
1645878502230,0.15026967,0.089677215,9.737142
1645878502296,0.15431108,0.08780016,9.724759
1645878502362,0.15094005,0.10556514,9.729241
1645878502428,0.16703866,0.104358464,9.736816
1645878502494,0.16360058,0.088413075,9.74329
1645878502560,0.15478994,0.092080995,9.730457
1645878502626,0.16254714,0.09436986,9.732296
1645878502692,0.1597124,0.096840665,9.725228
1645878502758,0.16203,0.07490021,9.73173
1645878502824,0.16090952,0.08222646,9.728714
1645878502890,0.16198212,0.08796297,9.735552
1645878502956,0.1540142,0.083969444,9.738904
1645878503022,0.15317145,0.085645385,9.733856
1645878503088,0.15371732,0.09184158,9.726167
1645878503154,0.15858233,0.100633085,9.729088
1645878503220,0.15094005,0.09187988,9.729959
1645878503286,0.15320018,0.096218176,9.741106
1645878503353,0.14869907,0.10015424,9.73922
1645878503419,0.15343961,0.08756074,9.733282
1645878503484,0.16950947,0.10583329,9.725171
1645878503551,0.15271176,0.106091864,9.737687
1645878503617,0.15970284,0.08950484,9.74669
1645878503683,0.15103583,0.09627564,9.740838
1645878503748,0.15749058,0.09691728,9.735821
1645878503814,0.15618815,0.10976936,9.729164
1645878503880,0.14618038,0.08486009,9.737046
1645878503947,0.17450857,0.08095275,9.732296
1645878504012,0.15908992,0.08213069,9.744075
1645878504079,0.15227123,0.100853354,9.738175
1645878504144,0.14517482,0.09471462,9.741375
1645878504210,0.1547995,0.09425493,9.728953
1645878504276,0.16071798,0.09798989,9.732938
1645878504345,0.15849616,0.09840169,9.759274
1645878504408,0.15760551,0.1023186,9.732938
1645878504474,0.14614208,0.094800815,9.737476
1645878504540,0.15582421,0.09263645,9.736319
1645878504607,0.14702313,0.08599973,9.73943
1645878504672,0.15512513,0.08146032,9.722364
1645878504738,0.1558338,0.09657252,9.739785
1645878504804,0.1617331,0.09125739,9.734537
1645878504870,0.17021817,0.090309285,9.7361555
1645878504936,0.15525919,0.089054726,9.73041
1645878505002,0.15683937,0.09450393,9.72089
1645878505068,0.14986745,0.09126697,9.739077
1645878505134,0.15512513,0.101992995,9.728351
1645878505200,0.15590084,0.09900503,9.732353
1645878505266,0.15774916,0.09515515,9.737237
1645878505333,0.15844828,0.090596594,9.741748
1645878505399,0.1541387,0.08855673,9.7328415
1645878505464,0.16157031,0.09276095,9.747207
1645878505530,0.16586071,0.092646025,9.743222
1645878505596,0.15270218,0.08871954,9.7426
1645878505662,0.14477259,0.076327145,9.737161
1645878505728,0.16412732,0.09572976,9.751814
1645878505795,0.16522865,0.08355764,9.731501
1645878505862,0.15575719,0.090347596,9.722163
1645878505926,0.15161043,0.09772173,9.728906
1645878505992,0.151122,0.0932781,9.728934
1645878506058,0.16023913,0.10961613,9.734019
1645878506125,0.16059348,0.09303868,9.743625
1645878506190,0.1562839,0.089150496,9.730381
1645878506257,0.16182889,0.090816855,9.732248
1645878506323,0.1564946,0.09841127,9.730562
1645878506388,0.17027561,0.08322245,9.71705
1645878506454,0.14903428,0.11456734,9.733119
1645878506520,0.15464628,0.09111374,9.73604
1645878506586,0.14443739,0.091228664,9.727297
1645878506652,0.14450444,0.1008342,9.733876
1645878506718,0.16526695,0.094321966,9.730256
1645878506784,0.15899414,0.09850703,9.735542
1645878506850,0.15976986,0.08823112,9.727287
1645878506916,0.15202223,0.10451169,9.725918
1645878506982,0.15912822,0.08599973,9.739114
1645878507048,0.1543877,0.09018479,9.733866
1645878507115,0.14961845,0.09187988,9.7296915
1645878507180,0.15834293,0.08792466,9.739134
1645878507246,0.16011465,0.08546343,9.733158
1645878507312,0.16636829,0.09550949,9.724423
1645878507379,0.15674359,0.10113108,9.739909
1645878507444,0.16300684,0.096687436,9.727948
1645878507510,0.17286135,0.09351752,9.726761
1645878507576,0.16572663,0.09537542,9.726301
1645878507643,0.15737568,0.089150496,9.734968
1645878507708,0.1725166,0.08648814,9.721906
1645878507774,0.15514427,0.10093954,9.737458
1645878507840,0.16791973,0.09699389,9.736183
1645878507906,0.16964355,0.094072975,9.748136
1645878507972,0.17006494,0.09864111,9.726703
1645878508038,0.16507542,0.110133275,9.724988
1645878508104,0.15471332,0.09193735,9.73537
1645878508170,0.15181154,0.09560526,9.740216
1645878508236,0.15884091,0.09309614,9.748893
1645878508303,0.15613067,0.09918699,9.732784
1645878508368,0.16490303,0.09775046,9.731722
1645878508434,0.14786589,0.09067321,9.729289
1645878508500,0.16370593,0.09363244,9.722268
1645878508566,0.1431158,0.097664274,9.732075
1645878508632,0.14926411,0.098995455,9.735542
1645878508698,0.15558481,0.092962064,9.735322
1645878508764,0.15531665,0.10182061,9.732794
1645878508830,0.1524915,0.09882306,9.719692
1645878508896,0.15399505,0.08743625,9.727163
1645878508962,0.14842136,0.090433784,9.752081
1645878509028,0.16154158,0.095136,9.7439995
1645878509094,0.14734876,0.089782566,9.740025
1645878509160,0.14265612,0.09787496,9.749247
1645878509227,0.16137877,0.09988609,9.740427
1645878509292,0.16080417,0.08694783,9.728685
1645878509358,0.15863024,0.0903859,9.737084
1645878509424,0.15929103,0.10307517,9.747121
1645878509490,0.14771266,0.09814312,9.744976
1645878509556,0.15573804,0.092109725,9.741174
1645878509622,0.15807477,0.08970595,9.745598
1645878509689,0.17021817,0.08778101,9.724242
1645878509754,0.16177142,0.10725065,9.731645
1645878509820,0.15716498,0.08458236,9.730907
1645878509886,0.15955918,0.09528923,9.732095
1645878509952,0.16481684,0.08574115,9.741117
1645878510019,0.1544643,0.094733775,9.731702
1645878510084,0.14978127,0.102213256,9.734193
1645878510150,0.16064136,0.104262695,9.733426
1645878510217,0.16771862,0.09210015,9.734844
1645878510283,0.14966634,0.09384313,9.736922
1645878510352,0.15182112,0.09178412,9.729413
1645878510414,0.1541387,0.10157161,9.744631
1645878510481,0.14562492,0.09518389,9.727776
1645878510546,0.15671486,0.09309614,9.733607
1645878510613,0.16435716,0.09972329,9.7338
1645878510678,0.15869726,0.09036675,9.735149
1645878510745,0.15418659,0.10047028,9.751602
1645878510811,0.1674792,0.09760681,9.731884
1645878510877,0.15449305,0.08666052,9.734135
1645878510943,0.1564084,0.09985736,9.744899
1645878511008,0.1510071,0.09347921,9.740608
1645878511075,0.15795027,0.10131304,9.73266
1645878511141,0.16248968,0.094475195,9.732927
1645878511207,0.16006674,0.098516606,9.740857
1645878511273,0.14176548,0.08300218,9.747016
1645878511339,0.15646587,0.09681194,9.74375
1645878511404,0.16514246,0.09688856,9.741461
1645878511471,0.16373466,0.09339302,9.738712
1645878511536,0.14339353,0.09538499,9.739364
1645878511602,0.1579886,0.09478165,9.722691
1645878511668,0.15761508,0.09101798,9.740638
1645878511735,0.15873556,0.09646718,9.736558
1645878511800,0.15405253,0.08670841,9.73016
1645878511867,0.14434163,0.09764512,9.727776
1645878511932,0.14838304,0.09197565,9.735667
1645878511998,0.16721104,0.09495404,9.74125
1645878512065,0.15068147,0.10249099,9.726962
1645878512130,0.15759593,0.09680236,9.72654
1645878512197,0.15941553,0.09272264,9.722039
1645878512263,0.15080597,0.10220368,9.73492
1645878512329,0.15858233,0.101226844,9.735035
1645878512395,0.1524915,0.10563218,9.724596
1645878512460,0.16278656,0.10232818,9.73876
1645878512526,0.15157212,0.095298804,9.730218
1645878512592,0.14886187,0.10052774,9.731242
1645878512659,0.15633179,0.094800815,9.734528
1645878512724,0.16381128,0.09849746,9.739411
1645878512790,0.1572799,0.09355582,9.720554
1645878512856,0.14137281,0.10754754,9.72158
1645878512922,0.15088259,0.09111374,9.733579
1645878512988,0.16044025,0.10502884,9.724721
1645878513054,0.15050909,0.10235691,9.728972
1645878513120,0.16063178,0.086650945,9.756161
1645878513186,0.15796942,0.08827901,9.742639
1645878513252,0.1360194,0.08998367,9.730935
1645878513318,0.15588169,0.090970084,9.732391
1645878513384,0.13673764,0.088585466,9.736807
1645878513450,0.15809393,0.0952605,9.739977
1645878513516,0.15442601,0.09379524,9.7409725
1645878513583,0.14735833,0.101485424,9.749429
1645878513648,0.16406986,0.09181284,9.729835
1645878513715,0.15206054,0.11170387,9.735772
1645878513780,0.15179239,0.08234139,9.743204
1645878513846,0.14703271,0.08620083,9.734374
1645878513912,0.16009547,0.090692356,9.734393
1645878513978,0.15855362,0.08578903,9.7311945
1645878514045,0.16117766,0.10051817,9.729519
1645878514111,0.14710933,0.0974057,9.74917
1645878514176,0.15948255,0.09614156,9.735303
1645878514242,0.1640507,0.08701487,9.725717
1645878514308,0.15918568,0.090414636,9.740101
1645878514374,0.15168704,0.0901369,9.732057
1645878514440,0.14973336,0.11188583,9.739104
1645878514507,0.15246277,0.10444465,9.72814
1645878514572,0.16794845,0.08746497,9.729614
1645878514638,0.15619773,0.083059646,9.724347
1645878514704,0.15823758,0.09483912,9.729921
1645878514770,0.15503892,0.09707051,9.724482
1645878514836,0.15838122,0.086775444,9.746891
1645878514902,0.17672081,0.085444264,9.735303
1645878514968,0.16071798,0.104923494,9.737612
1645878515034,0.16678967,0.09619903,9.740484
1645878515100,0.15228081,0.08360552,9.726138
1645878515166,0.15034628,0.09147766,9.749257
1645878515232,0.1510071,0.09267476,9.729155
1645878515299,0.1524436,0.101925954,9.74147
1645878515364,0.16183846,0.09384313,9.748165
1645878515430,0.13856682,0.08422801,9.73697
1645878515496,0.14735833,0.096122414,9.729356
1645878515563,0.1720186,0.10251971,9.734575
1645878515628,0.15279795,0.101073615,9.731826
1645878515695,0.1583908,0.099464715,9.747197
1645878515760,0.15090175,0.091889456,9.736606
1645878515826,0.15746185,0.093661174,9.734384
1645878515893,0.15894626,0.0990146,9.725563
1645878515958,0.15471332,0.09675448,9.729806
1645878516025,0.16584156,0.09483912,9.738875
1645878516090,0.1572799,0.09133401,9.736117
1645878516156,0.16448165,0.09510727,9.726263
1645878516222,0.16814956,0.098708145,9.717835
1645878516288,0.15065274,0.08975383,9.741834
1645878516354,0.1552113,0.094887,9.7210245
1645878516420,0.16182889,0.08237969,9.736682
1645878516486,0.16595648,0.10525868,9.738712
1645878516552,0.14837347,0.082322225,9.737333
1645878516618,0.15340129,0.094638005,9.736146
1645878516684,0.162279,0.089964524,9.726301
1645878516751,0.15908034,0.10010636,9.73626
1645878516816,0.14968549,0.09237788,9.730467
1645878516882,0.157979,0.10464577,9.741183
1645878516948,0.17268898,0.09120951,9.744908
1645878517014,0.15695429,0.097482316,9.730198
1645878517080,0.16838899,0.09707051,9.747657
1645878517146,0.16030617,0.09191819,9.7460575
1645878517212,0.16180016,0.093938895,9.733943
1645878517279,0.15895584,0.09632353,9.727565
1645878517344,0.15162958,0.09232042,9.736988
1645878517410,0.15978901,0.09527965,9.734097
1645878517476,0.14618996,0.10348698,9.724386
1645878517543,0.16184804,0.09445605,9.742131
1645878517609,0.1558338,0.08550173,9.734729
1645878517674,0.16224068,0.10103531,9.725181
1645878517740,0.16049771,0.09676405,9.734958
1645878517806,0.15206054,0.08359595,9.734039
1645878517873,0.15296075,0.085473,9.739928
1645878517939,0.15943468,0.10333375,9.727373
1645878518004,0.1520797,0.09923487,9.723648
1645878518070,0.1583525,0.09780793,9.750855
1645878518136,0.1504229,0.09506896,9.723447
1645878518202,0.16210662,0.10604399,9.744209
1645878518268,0.16247052,0.090883896,9.744956
1645878518335,0.14126748,0.08470686,9.733655
1645878518400,0.16324624,0.08620083,9.731405
1645878518466,0.1719803,0.10329544,9.730946
1645878518532,0.1576917,0.08538681,9.753547
1645878518598,0.14771266,0.103123054,9.738329
1645878518664,0.14829686,0.09802819,9.74443
1645878518730,0.16422309,0.09052955,9.729461
1645878518797,0.15857276,0.10658986,9.73039
1645878518862,0.15273091,0.10590033,9.745703
1645878518928,0.15847701,0.09882306,9.740819
1645878518994,0.15172535,0.098047346,9.729652
1645878519061,0.14171758,0.09841127,9.723792
1645878519126,0.1613213,0.08703402,9.72724
1645878519193,0.15771087,0.099780746,9.735131
1645878519259,0.15750973,0.09575849,9.739507
1645878519324,0.14863203,0.089523986,9.742093
1645878519390,0.16056475,0.09244492,9.73605
1645878519456,0.15795027,0.094226204,9.735035
1645878519523,0.15954961,0.097166285,9.730984
1645878519588,0.16253756,0.09379524,9.7292795
1645878519654,0.1591378,0.09952218,9.742908
1645878519720,0.16279614,0.100288324,9.740216
1645878519786,0.14726256,0.09019437,9.730313
1645878519852,0.14489707,0.08989748,9.730879
1645878519918,0.15795985,0.09127654,9.735169
1645878519984,0.14042471,0.09210015,9.726626
1645878520050,0.15093048,0.082647845,9.736825
1645878520116,0.15228081,0.09409212,9.734767
1645878520183,0.14875655,0.08863334,9.729901
1645878520248,0.15622646,0.09112331,9.7360115
1645878520314,0.1684752,0.08812578,9.731874
1645878520380,0.15539326,0.10626425,9.743348
1645878520446,0.17339766,0.101226844,9.735763
1645878520512,0.14383405,0.10362105,9.737419
1645878520578,0.1541004,0.10151415,9.737783
1645878520644,0.15566142,0.09629479,9.739641
1645878520710,0.16074671,0.10651325,9.739679
1645878520776,0.15373649,0.09310571,9.743635
1645878520842,0.15142846,0.09541373,9.743702
1645878520908,0.15598702,0.08966764,9.736384
1645878520975,0.15277879,0.090883896,9.738971
1645878521040,0.15647545,0.10010636,9.750348
1645878521108,0.14776056,0.09147766,9.730093
1645878521172,0.16175227,0.09768342,9.751353
1645878521238,0.15591042,0.104990534,9.746575
1645878521304,0.16517119,0.09947429,9.742973
1645878521370,0.16036363,0.09957963,9.72947
1645878521437,0.15411955,0.10353486,9.729863
1645878521502,0.16431884,0.08512823,9.734853
1645878521568,0.15763424,0.096505485,9.751986
1645878521635,0.15838122,0.097597234,9.733705
1645878521700,0.14805743,0.092215076,9.733234
1645878521767,0.17111838,0.09776004,9.737716
1645878521832,0.1598369,0.090692356,9.746508
1645878521899,0.1478276,0.09548077,9.726291
1645878521964,0.1547995,0.09985736,9.735044
1645878522031,0.1509592,0.09437943,9.732717
1645878522096,0.1589367,0.09080728,9.734671
1645878522163,0.15093048,0.109884284,9.741892
1645878522228,0.15535496,0.096946016,9.734643
1645878522294,0.15093048,0.10278787,9.741959
1645878522361,0.15365987,0.0896006,9.759283
1645878522426,0.16123512,0.10296025,9.752187
1645878522492,0.15792154,0.08392155,9.7533655
1645878522558,0.15188815,0.1010832,9.76026
1645878522624,0.15052824,0.08748413,9.765125
1645878522691,0.15051867,0.09596918,9.767739
1645878522757,0.15262556,0.10667605,9.763507
1645878522822,0.28080153,0.64013296,9.7395935
1645878522888,0.72927386,-0.19923589,10.231544
1645878522955,0.15243404,-0.44171107,9.719242
1645878523020,0.50448704,0.35371935,10.252393
1645878523087,-0.48060247,-0.25792256,10.599715
1645878523152,0.43494982,-0.39183506,9.847812
1645878523218,-0.017209522,0.14971422,10.657118
1645878523284,0.61530024,0.076327145,10.783781
1645878523351,-0.5466154,-0.24106738,10.877988
1645878523417,-1.0302825,-0.865638,10.422123
1645878523482,-1.9351661,-1.0757818,8.03089
1645878523549,-3.3043718,-0.5027441,7.033523
1645878523614,0.38812882,0.55762875,8.077012
1645878523680,2.1657183,0.25028983,12.437868
1645878523747,1.5052346,0.14680287,10.778994
1645878523812,0.36521152,-0.12859736,10.779758
1645878523878,-0.32292035,-0.48972917,11.137136
1645878523944,0.1634282,0.6238619,9.441946
1645878524011,0.87403685,1.3929849,9.868899
1645878524078,0.022132,0.5118516,10.303418
1645878524144,0.31523016,1.2863183,8.406722
1645878524208,-1.1631893,0.66457295,8.459749
1645878524274,0.83764493,0.9301187,9.071161
1645878524341,-0.6401521,0.25304797,8.415743
1645878524407,0.6820602,1.5521513,7.9310994
1645878524473,-0.51089394,-0.041553766,10.165292
1645878524538,1.0829931,0.6544119,10.933716
1645878524605,-0.08602846,0.2334251,12.650559
1645878524670,0.48857036,0.94901365,11.08274
1645878524737,1.5767541,1.5762466,7.808708
1645878524803,1.2266549,1.6683468,8.388718
1645878524869,0.5438669,2.2223172,8.658918
1645878524934,-0.1686763,2.1096365,10.069898
1645878525000,-0.12016019,1.9076041,11.205765
1645878525067,-0.9048359,1.498799,11.170981
1645878525132,-1.8051515,0.96620405,10.323951
1645878525198,-1.1778992,-0.18553148,10.346609
1645878525264,-1.9792483,-0.4983866,8.04877
1645878525331,-1.0293822,0.17155892,8.583471
1645878525396,-0.4107301,0.91262186,8.043666
1645878525463,-0.8309508,1.1816822,8.562729
1645878525529,-0.6027163,1.1806096,9.839603
1645878525595,-0.11070789,0.7915231,10.138985
1645878525661,0.5433114,0.9035621,11.151942
1645878525726,-0.088738695,-1.4933403,13.248391
1645878525794,0.020532673,0.28091648,9.927327
1645878525858,1.1033057,0.45353842,8.169112
1645878525924,0.559228,0.32030588,8.627936
1645878525990,0.7711436,0.61791474,7.726012
1645878526057,0.3316448,0.694759,8.5077095
1645878526123,0.079046965,1.3142155,9.528444
1645878526189,-0.23254402,1.4552915,10.8520155
1645878526254,-0.63128394,1.404094,11.761812
1645878526321,-1.7872236,-0.45236048,13.302702
1645878526386,-1.5085483,-0.3326408,7.9449954
1645878526453,-1.3403986,-0.041821916,6.862807
1645878526520,-0.25915796,0.46436977,8.310341
1645878526585,0.24003308,2.4235353,8.426249
1645878526650,-0.94295156,2.092312,9.155677
1645878526717,-0.3767516,2.6928258,8.819933
1645878526782,-0.16699079,2.2635455,12.63877
1645878526849,0.10446381,1.4408114,12.048724
1645878526914,0.40925524,0.36482847,8.948012
1645878526981,0.5338304,0.060563724,8.536344
1645878527047,0.5378143,0.61561626,8.1135
1645878527112,0.10271125,1.2639757,7.9337044
1645878527178,-0.09936895,1.4893945,9.548957
1645878527244,0.20398599,1.6952864,10.208197
1645878527310,-0.17737204,1.32498,10.537753
1645878527377,-0.037541084,1.5451603,10.255582
1645878527444,-2.147982,-0.0858848,12.747362
1645878527509,-0.78627497,-0.3710438,8.375175
1645878527576,-0.992751,0.29893044,8.027911
1645878527640,-0.4666491,0.9395709,8.013757
1645878527706,-0.44536942,1.1407605,8.195113
1645878527774,-0.3207081,1.046678,9.815298
1645878527838,-0.56967634,1.4295107,10.2927885
1645878527904,-0.0073645646,1.6458988,10.612223
1645878527971,-0.0062249247,0.39118382,12.57475
1645878528038,0.38931635,-0.5958689,10.77749
1645878528101,0.5883128,0.0737893,8.066583
1645878528168,0.75903857,-0.4694359,8.523761
1645878528235,0.733095,0.5654051,8.380471
1645878528301,0.019517532,0.78536516,9.026045
1645878528367,0.16824535,0.7761332,9.65887
1645878528433,0.287467,1.3867217,10.212879
1645878528498,-0.32915485,1.0701987,11.348037
1645878528565,-0.2868158,1.5268973,11.055552
1645878528631,0.07513963,-0.27562052,11.570555
1645878528697,-1.0372161,-0.48703808,8.278412
1645878528762,-0.10565133,0.76080066,7.6928573
1645878528828,0.41557595,0.9055254,7.977643
1645878528895,0.39064753,1.5660952,8.33572
1645878528960,-0.4275661,1.2249694,8.733598
1645878529026,0.419761,1.9277346,9.245698
1645878529094,0.4163421,0.99659127,11.211348
1645878529158,0.2756971,0.0023942017,11.146972
1645878529224,-0.060621187,-0.9329821,12.85537
1645878529290,0.062354587,0.5721567,8.795761
1645878529357,-0.24928428,0.23645136,7.121007
1645878529423,1.0300909,0.06058288,7.6547127
1645878529488,-0.08591354,-0.31413844,7.402297
1645878529555,0.82419914,-0.37275806,9.393574
1645878529622,0.800487,-0.2832245,11.715643
1645878529687,-0.52317137,-1.7357483,11.33258
1645878529752,0.44712195,-1.264943,9.680016
1645878529818,1.2231882,-1.043393,11.471492
1645878529884,-0.45190078,-0.4782274,11.701517
1645878529950,-0.5037305,0.29404625,9.852562
1645878530017,0.014671668,-0.22209573,10.475523
1645878530083,0.34486082,-0.5901803,10.240796
1645878530148,-0.41765413,-0.5962807,9.238362
1645878530215,1.2146647,-0.119288705,8.554962
1645878530286,-0.33991918,-0.66035914,8.519001
1645878530347,0.3512773,-0.1491875,9.737917
1645878530413,-0.04489607,-0.09903376,9.905905
1645878530479,-0.47510538,-0.32188603,7.0777774
1645878530545,0.7598622,-0.49893248,8.651391
1645878530612,0.34608665,0.7576212,9.541104
1645878530676,0.31739452,0.89039403,10.292366
1645878530743,0.28737125,0.467329,9.98157
1645878530808,0.42653182,-0.14871824,9.429621
1645878530874,0.34557906,0.691637,9.14225
1645878530940,0.046600744,0.5576383,9.808747
1645878531007,-0.07107906,0.50688124,9.747159
1645878531072,0.1462091,0.6078782,9.722575
1645878531139,0.14334564,0.6051297,9.730935
1645878531205,0.1446864,0.6168325,9.730285
1645878531271,0.13441047,0.624676,9.727516
1645878531337,0.15921442,0.62607414,9.72656
1645878531403,0.13227485,0.6001019,9.7339525
1645878531470,0.13910311,0.6211421,9.713496
1645878531535,0.12414415,0.61838394,9.722978
1645878531600,0.13726437,0.60752386,9.730198
1645878531666,0.13408487,0.60453594,9.717164
1645878531733,0.15704048,0.6156546,9.7227
1645878531799,0.12808022,0.61463946,9.725783
1645878531865,0.13624924,0.61314553,9.712558
1645878531931,0.12604994,0.61868083,9.617882
1645878531997,0.12478579,0.61514705,9.51245
1645878532062,0.13112564,0.60987025,9.688156
1645878532128,0.14398728,0.6085582,9.753451
1645878532194,0.12914324,0.6281428,9.789115
1645878532260,0.14210066,0.6152524,9.644276
1645878532327,0.1381646,0.60981274,9.725736
1645878532393,0.14696568,0.62101763,9.708766
1645878532459,0.1434127,0.5974491,9.80009
1645878532524,0.14542381,0.60598207,9.74192
1645878532590,0.15987521,0.6078016,9.752666
1645878532657,0.14193785,0.60935307,9.712989
1645878532722,0.12565728,0.6093052,9.650079
1645878532788,0.14343184,0.60275465,9.70707
1645878532855,0.1396107,0.61624837,9.789584
1645878532920,0.13094369,0.5867422,9.703566
1645878532987,0.13768575,0.6128199,9.712999
1645878533053,0.14093228,0.6067865,9.704121
1645878533119,0.14050132,0.61374885,9.75098
1645878533185,0.13238977,0.6150417,9.714109
1645878533250,0.14309666,0.6047945,9.688013
1645878533316,0.15487611,0.6095542,9.7062
1645878533383,0.1394383,0.61672723,9.675247
1645878533449,0.14424586,0.6202036,9.712424
1645878533514,0.14115256,0.61078,9.744563
1645878533580,0.1348989,0.6171965,9.770373
1645878533647,0.12886551,0.61191964,9.74443
1645878533712,0.1402236,0.59903884,9.739947
1645878533779,0.13394122,0.61331785,9.68873
1645878533845,0.14346057,0.6070068,9.816926
1645878533911,0.12169248,0.60006356,9.574298
1645878533976,0.14590265,0.60162455,9.822107
1645878534042,0.13166194,0.5925074,9.762109
1645878534108,0.14741579,0.6120154,9.80008
1645878534174,0.14171758,0.6166889,9.672173
1645878534240,0.1479425,0.61838394,9.737544
1645878534306,0.14580688,0.6042486,9.743423
1645878534372,0.14265612,0.587901,9.706257
1645878534438,0.13481271,0.60987973,9.717116
1645878534504,0.15123694,0.6130114,9.784144
1645878534570,0.13963942,0.61410314,9.69487
1645878534636,0.13356772,0.58813083,9.72021
1645878534703,0.14818193,0.5991155,9.742361
1645878534768,0.14300089,0.6075622,9.726291
1645878534834,0.14207193,0.59863657,9.716963
1645878534900,0.13888286,0.61071295,9.712299
1645878534966,0.13474567,0.61458194,9.724529
1645878535032,0.1417559,0.6131742,9.720554
1645878535098,0.13731226,0.6043731,9.710221
1645878535164,0.1364695,0.59814817,9.733416
1645878535230,0.13364433,0.6077059,9.718975
1645878535296,0.13698664,0.61173767,9.7279005
1645878535363,0.14103763,0.61054057,9.719588
1645878535428,0.14269443,0.60577136,9.7199135
1645878535494,0.1223916,0.61380625,9.726051
1645878535560,0.13705368,0.60682476,9.721752
1645878535626,0.1275918,0.62400556,9.723466
1645878535692,0.13463075,0.6089796,9.73401
1645878535758,0.13267708,0.59694153,9.715383
1645878535824,0.13096283,0.6037315,9.714723
1645878535890,0.14098018,0.61290604,9.712031
1645878535956,0.13927549,0.61853725,9.7245865
1645878536022,0.13930424,0.61854684,9.722019
1645878536088,0.13185348,0.60597247,9.72429
1645878536154,0.14238797,0.6206154,9.718286
1645878536220,-0.095634,-0.25544217,8.642781
1645878536286,0.2607094,0.6533489,9.945322
1645878536353,0.40502232,1.0249099,9.73697
1645878536418,0.31289342,0.63659906,10.109153
1645878536485,0.21646456,1.2857151,9.318549
1645878536551,-1.4692737,-0.83142006,8.949871
1645878536617,1.3894128,-0.66456336,10.1748495
1645878536683,-0.23976494,-0.6041146,9.944029
1645878536749,1.2819992,0.4010192,16.024689
1645878536816,1.9942168,0.7782688,13.279841
1645878536881,1.781085,1.0010349,10.592226
1645878536947,0.5707777,1.0216346,8.518971
1645878537014,0.38287115,0.13399869,7.914493
1645878537079,0.61421806,-0.36412933,7.820593
1645878537144,0.35187104,-0.13631627,8.319765
1645878537211,-0.2711577,-0.12376108,10.130806
1645878537276,0.21733606,0.6122644,9.456435
1645878537344,0.8559271,0.99283713,10.555777
1645878537409,0.8407862,0.9390634,10.580571
1645878537474,0.6074281,0.6576489,10.955025
1645878537540,1.090377,0.30505002,8.474593
1645878537608,0.5174827,0.06675034,8.883714
1645878537672,0.49668196,0.23445939,7.5094714
1645878537738,0.4622533,0.52726066,7.828867
1645878537804,0.34376904,0.5788414,10.971438
1645878537870,-0.20673452,0.29918903,11.460651
1645878537936,-0.032676063,0.29177657,11.141647
1645878538002,-1.4804115,0.6451512,9.69484
1645878538068,-1.2792985,0.39008248,11.081467
1645878538135,-0.5470368,0.22833979,8.772049
1645878538201,-1.1337886,-0.18338628,7.525321
1645878538267,-1.1280999,0.20613119,8.08203
1645878538333,-1.0570687,1.2359061,8.392089
1645878538398,-0.15194562,1.2025309,10.032749
1645878538465,0.61055017,1.9396577,10.00874
1645878538531,0.72225404,1.781219,11.252806
1645878538596,0.005841852,1.3363477,11.297673
1645878538662,-0.36750996,-0.48404056,12.721179
1645878538729,0.7931224,-0.048449066,9.678963
1645878538795,0.898429,-0.15364072,8.881521
1645878538861,1.5163629,0.29124984,7.295707
1645878538927,0.7925957,0.31903216,8.096778
1645878538996,1.2232168,0.7202142,8.265014
1645878539059,1.2246438,1.2044655,9.281688
1645878539124,0.6116036,0.43691307,11.753002
1645878539190,0.39791632,0.5664202,11.580581
1645878539256,0.24886289,-0.43316856,12.056846
1645878539322,-1.3837144,-0.43783244,9.345747
1645878539389,-0.061741672,0.2932993,7.7420726
1645878539455,-0.22546677,0.2070314,8.505335
1645878539521,0.04699339,0.8329427,7.636354
1645878539586,0.4940196,1.0570017,9.232253
1645878539652,0.29582757,1.4290031,9.969274
1645878539719,0.22570617,1.5434173,11.088314
1645878539785,-0.06460514,0.3713407,11.407586
1645878539850,0.5602623,-1.3894414,12.902382
1645878539916,0.492516,-0.28015032,8.034175
1645878539982,1.0260878,-0.30148745,8.434792
1645878540049,1.3427448,0.09305783,7.999325
1645878540115,1.1955398,0.6758065,7.707213
1645878540181,1.1640991,0.6622936,10.281947
1645878540247,1.2494764,1.2010657,10.45431
1645878540313,0.6603113,0.8519144,11.448584
1645878540379,-1.0501064,-0.38919187,11.684394
1645878540446,1.1895064,-1.4408689,12.115253
1645878540510,-0.99501103,-0.63829416,7.595509
1645878540577,0.3479158,-0.2086882,8.78695
1645878540645,0.4511059,0.38991967,7.2921925
1645878540708,0.85875225,1.1474164,8.156011
1645878540774,0.39208403,1.2654984,10.7880335
1645878540840,1.5698302,1.7960631,12.087185
1645878540906,0.65927696,0.10503841,12.574596
1645878540972,0.06376238,-1.8281549,11.643223
1645878541039,1.7567502,-0.4981376,8.343162
1645878541105,2.0273812,-0.5583757,6.165577
1645878541171,2.2401874,0.058677092,7.736604
1645878541239,2.2347193,0.6270606,8.474679
1645878541302,1.4463851,0.8242853,10.176986
1645878541369,1.531159,1.1760894,10.134214
1645878541435,1.4928135,0.9548555,10.600577
1645878541500,-0.42287347,0.5312159,11.8945465
1645878541567,1.2344408,-0.6581277,12.506993
1645878541634,1.4378713,-0.5627523,7.839727
1645878541698,0.84747076,-0.5614403,7.9962983
1645878541765,0.8773313,0.25362256,7.799026
1645878541831,0.49006435,1.0016094,7.902417
1645878541896,0.043047745,0.75931627,10.957332
1645878541964,0.738889,1.3260143,10.250478
1645878542029,0.93361413,0.9106298,11.824589
1645878542094,0.083117105,-0.3261669,12.140786
1645878542161,2.2003,-0.08863334,9.205121
1645878542227,1.6800017,-0.5640069,6.7552495
1645878542294,1.775837,-0.4676259,9.033859
1645878542359,1.4856213,0.38956535,8.611387
1645878542424,1.3856012,1.1960473,9.305141
1645878542490,1.2177389,1.3911175,10.295584
1645878542556,1.0909228,0.68047047,11.643137
1645878542623,0.4202207,0.34500447,10.943293
1645878542688,0.31274977,-1.6798198,12.640753
1645878542755,0.16110104,-1.0657837,8.832775
1645878542821,-4.8841716E-4,-0.29631597,7.194902
1645878542886,0.16349524,0.09326852,8.564739
1645878542952,0.27470115,1.032351,8.124599
1645878543018,0.42734584,1.4315315,10.115598
1645878543084,0.34224632,1.4600896,10.655845
1645878543150,0.31293175,1.0487369,12.340463
1645878543217,0.51835424,-0.43092757,12.926075
1645878543283,1.8784236,-0.20285593,8.313023
1645878543348,0.91608864,-0.11106223,7.266488
1645878543415,1.802039,0.1475786,7.714329
1645878543481,1.1290001,0.5507526,7.900253
1645878543547,1.1215206,0.92513865,9.611361
1645878543612,1.383839,1.6978912,10.827355
1645878543678,0.37103423,0.50987875,13.178414
1645878543745,-0.24371059,0.5346444,11.616331
1645878543810,0.77828795,-1.2747208,11.023699
1645878543876,-0.57199395,-0.62537503,6.697511
1645878543944,0.27876168,0.51247406,8.047659
1645878544008,0.30455202,1.175601,7.3395977
1645878544075,0.42971134,1.4734012,9.223959
1645878544140,0.18646044,1.5657026,10.734001
1645878544207,1.0405201,1.2055668,11.999586
1645878544273,0.98663133,0.6540289,11.940439
1645878544338,1.4046397,-0.96481544,11.59645
1645878544404,1.1739154,0.31205067,7.161105
1645878544471,1.0993792,-0.12191275,8.272053
1645878544537,1.8046343,0.6742072,7.108279
1645878544603,1.0463237,0.7546715,8.433059
1645878544668,0.9897151,0.88380516,11.172446
1645878544735,0.54053414,1.0375513,10.973229
1645878544801,0.5422675,0.80155,12.582698
1645878544866,-1.3373245,-0.76808864,11.680094
1645878544932,0.016146496,-1.1205055,9.315456
1645878544998,-1.0678332,-0.14417884,6.6232815
1645878545065,-0.003964798,0.42663717,7.8543415
1645878545132,0.22642444,0.969441,7.8809075
1645878545196,0.316705,1.3253726,10.4427805
1645878545263,-0.23642263,1.6603981,10.77996
1645878545329,0.8025077,1.2504628,12.460106
1645878545394,0.80113816,-0.2980877,11.408447
1645878545460,1.4365498,-1.070189,10.310888
1645878545527,0.10103531,-0.34592384,7.7844496
1645878545595,1.6122267,-0.15457924,8.305505
1645878545659,0.9894086,0.5048414,7.098128
1645878545724,0.85135895,1.1429344,8.463896
1645878545791,0.6282769,1.6582625,11.021354
1645878545856,0.41024166,1.1088984,12.719877
1645878545922,-0.14605588,1.1790581,11.971688
1645878545988,0.5381878,-1.3736588,11.972406
1645878546054,-0.5063162,-0.9931149,7.7222676
1645878546120,0.64527565,0.1109473,7.1286683
1645878546186,0.3967671,0.8418492,6.529917
1645878546252,0.55850023,1.4462128,8.6352625
1645878546318,-0.014844051,1.5281807,10.92049
1645878546384,0.2268554,1.5210075,11.259433
1645878546450,-0.109654434,0.8225615,13.679358
1645878546518,0.5967117,-0.99014604,14.664686
1645878546583,1.4177889,0.39809826,7.1516337
1645878546648,-0.2567542,0.3334644,6.239232
1645878546714,0.81254417,0.29550195,6.839583
1645878546781,0.7338994,0.8347432,6.6471562
1645878546846,-0.30485848,0.88244534,9.602415
1645878546913,0.19402611,1.7495198,11.16784
1645878546979,0.033825282,1.7821193,13.858463
1645878547044,-1.1528368,0.212902,14.508633
1645878547110,-0.13711114,-1.439691,10.260936
1645878547178,-1.7142676,-0.8625159,6.1421237
1645878547243,0.0751492,0.20215681,6.2940598
1645878547308,0.2759365,1.1071459,7.232692
1645878547375,0.06404011,1.5809488,10.176774
1645878547440,0.35339373,2.2042744,10.122551
1645878547506,0.7347326,2.094802,11.556831
1645878547573,0.18871099,1.4591702,13.224344
1645878547638,0.20242497,-0.9458725,12.889836
1645878547704,0.47914678,0.06909666,6.92813
1645878547771,0.35863227,0.22308214,7.487272
1645878547837,0.9153224,0.8599877,7.936204
1645878547902,0.8720928,1.2970731,8.886319
1645878547969,0.76398015,1.0450978,10.019571
1645878548036,1.489768,1.660963,8.536737
1645878548100,1.1378108,1.4806318,11.480676
1645878548166,-0.99823844,1.2121843,12.050994
1645878548233,-0.61064595,-0.87383574,11.391057
1645878548298,-1.4432057,-0.4612286,7.444272
1645878548365,-0.0437277,0.61114395,7.8803806
1645878548431,-0.21377349,0.9424919,7.81477
1645878548496,0.3930992,1.4072831,9.718381
1645878548563,0.057767298,1.6079555,10.55638
1645878548628,0.43727702,1.3804297,11.329784
1645878548694,0.12774503,1.4141304,11.760328
1645878548760,0.030846896,-0.7955932,12.356313
1645878548827,0.80469114,0.110075824,8.2022
1645878548892,0.13542563,-0.15243404,8.281869
1645878548960,1.1859727,0.3485383,7.4206557
1645878549025,0.6876434,0.9205418,7.63395
1645878549091,0.76292676,1.5680777,9.380797
1645878549157,0.97770584,2.4700308,10.413686
1645878549222,0.64585984,1.377231,12.453565
1645878549289,0.2088893,1.0369959,10.916689
1645878549354,-0.77139264,-1.2697697,12.345471
1645878549420,-1.0372831,-0.47623545,7.455467
1645878549486,0.56474435,0.18955374,8.82475
1645878549553,0.58296895,0.86742884,7.3884683
1645878549618,0.5600612,1.5413009,8.427695
1645878549684,0.69029623,1.7454306,9.744612
1645878549750,0.5958306,1.7080809,11.392627
1645878549816,1.2413456,1.6620932,11.41406
1645878549882,0.71367323,-0.81664306,13.167391
1645878549948,1.6668241,0.44603977,7.598947
1645878550015,0.512589,-0.20333476,9.013824
1645878550081,1.3384258,0.7617967,7.1367607
1645878550146,0.9991003,1.0457011,8.166038
1645878550212,0.9842468,1.5419233,9.344051
1645878550279,1.0408648,2.0535357,10.30088
1645878550345,0.34097263,0.9133209,12.604524
1645878550410,-0.38147295,0.7782017,10.828879
1645878550477,0.3452439,-0.70533186,11.006652
1645878550543,-1.3598108,-0.5253262,7.4002666
1645878550610,0.59226805,0.7667287,8.588576
1645878550675,0.093498364,1.2363274,6.18225
1645878550740,0.27845523,1.3339822,8.813392
1645878550807,0.23723666,1.7780491,11.376518
1645878550873,0.33666307,1.9151314,11.247395
1645878550939,0.072927386,1.6177237,12.6130085
1645878551004,1.3372575,-0.90710557,12.951176
1645878551071,2.203652,0.322815,7.3123517
1645878551137,0.9417736,-0.37295917,8.850578
1645878551202,0.996122,0.03712928,7.4537535
1645878551269,0.84111184,0.8845714,7.3214307
1645878551335,0.35441846,1.062288,9.618983
1645878551400,0.27291983,1.8444451,10.38891
1645878551467,-0.061023414,1.2565441,12.274842
1645878551533,-0.0764708,1.2807256,12.081937
1645878551598,0.8716618,-0.3925725,11.2125635
1645878551664,-1.0217592,-0.3813293,7.8039002
1645878551731,-0.084505744,0.44744757,7.414747
1645878551796,0.25883237,1.1372459,6.4430075
1645878551862,0.08300218,1.5938679,9.183957
1645878551930,-0.042032603,2.2159867,10.706247
1645878551995,0.5416163,2.6339571,10.848894
1645878552061,0.21948126,2.238502,13.320323
1645878552127,1.4212459,0.13457328,12.946129
1645878552193,1.8089055,0.009921572,8.102075
1645878552259,0.41969398,-0.15267345,7.0710545
1645878552325,0.6945771,0.037435737,7.128544
1645878552390,0.35476324,0.75023746,7.384666
1645878552457,0.012421119,1.8924727,7.8737054
1645878552522,0.47977886,2.65222,11.7269535
1645878552588,0.19103815,1.6528227,13.497369
1645878552654,-0.30949366,1.1398985,12.783974
1645878552720,0.47586194,-1.2528282,11.796538
1645878552787,-1.2637364,-1.140885,7.0430903
1645878552853,-0.45647848,0.0011013328,6.490853
1645878552919,0.0024612392,1.3282264,7.385174
1645878552986,-0.34055123,1.9829353,8.61857
1645878553050,0.23794535,2.3704417,11.0720625
1645878553116,0.9674969,2.2315109,10.90489
1645878553182,0.963264,2.261726,12.35862
1645878553248,0.53843683,-0.13144168,12.690304
1645878553315,-0.15496232,-0.107097425,9.828447
1645878553381,-0.570634,-0.016567875,7.1635475
1645878553447,0.5660659,0.25149652,6.265645
1645878553512,-0.05697242,0.6714874,6.785043
1645878553578,0.57619816,1.3095709,8.611513
1645878553645,1.4194169,2.1553946,10.895466
1645878553711,0.08839393,1.6522195,14.43967
1645878553777,-1.2596853,0.9178508,13.134734
1645878553843,-0.043871354,-1.8636179,11.803386
1645878553909,-1.199361,-0.79953885,5.9467087
1645878553976,-0.39985082,0.1640507,6.6412854
1645878554040,0.6032144,1.0766054,6.7724977
1645878554107,1.0541191,1.7546242,9.299577
1645878554173,1.0479708,2.3014216,11.884836
1645878554238,1.5532624,2.3928897,12.960312
1645878554305,0.37965336,-0.6446436,13.883947
1645878554370,1.6258737,-0.46528915,9.589821
1645878554437,1.0984213,0.39058048,6.02837
1645878554503,1.8587337,0.28629863,8.2613945
1645878554569,1.3911653,0.8861228,7.139203
1645878554635,0.27666438,1.4611717,9.031206
1645878554700,0.6901909,2.2487395,10.562998
1645878554767,0.4902463,1.6697164,12.973471
1645878554832,-0.08323202,0.5418557,14.113628
1645878554898,0.31935778,-0.8943014,10.534852
1645878554964,-0.20909043,-0.39557,6.533537
1645878555031,-0.3491991,-0.018473659,8.451369
1645878555096,0.4219254,0.94076806,6.947303
1645878555162,0.5167932,1.5549191,8.244165
1645878555229,0.63770044,1.9782714,11.087011
1645878555295,1.0881742,1.9767103,11.711142
1645878555361,1.0612155,1.277546,11.789739
1645878555426,1.3629137,-1.3163034,13.336603
1645878555493,1.39762,-0.059845466,8.369862
1645878555559,0.6076005,-0.16481684,7.620265
1645878555625,1.400426,0.29001445,7.3343396
1645878555691,0.78893733,0.67980003,7.8114085
1645878555756,0.875799,1.2663987,9.393296
1645878555823,0.6102629,1.393866,11.046272
1645878555890,0.7113939,0.7656753,12.586491
1645878555956,-0.86693084,0.34443942,11.471568
1645878556020,0.04255933,-0.42977834,10.652665
1645878556087,-1.4543626,-0.4734007,7.3175426
1645878556153,0.06969042,0.64800507,7.732735
1645878556218,0.2778519,0.8059937,7.5012255
1645878556284,0.67257917,1.1268836,10.107514
1645878556351,0.29642132,1.6562321,10.2982
1645878556417,0.91116613,1.3720691,11.233987
1645878556482,1.4460596,0.99493444,11.427773
1645878556548,1.8265651,-1.3722415,12.812953
1645878556614,1.8821585,0.071529165,7.5389104
1645878556681,1.1553938,-0.26437733,8.488077
1645878556746,1.3578954,0.23868276,7.71407
1645878556812,0.81852007,0.8399147,7.33819
1645878556879,0.7602644,1.1104308,9.793759
1645878556944,0.38441303,1.65673,10.194051
1645878557010,-0.29237992,0.80045825,13.169632
1645878557076,-2.0743172,-0.3232172,11.884702
1645878557144,0.2880033,-0.6551206,10.710135
1645878557209,-1.1871697,-0.3768186,6.6686373
1645878557275,0.44920012,0.4025036,8.369889
1645878557340,0.08168059,1.0114927,7.8651347
1645878557407,0.7264199,1.331971,9.893043
1645878557472,0.22514114,1.8346767,9.145305
1645878557539,0.86685425,0.90030605,12.090613
1645878557605,1.4202979,1.1440263,10.829061
1645878557670,1.1916612,-1.416448,13.464435
1645878557737,0.8954027,0.21542068,7.028007
1645878557803,0.9595386,-0.10475112,8.3619795
1645878557868,0.93165094,0.32510385,7.615898
1645878557935,0.7827699,0.9002581,8.397299
1645878558002,0.44416273,1.4108934,9.357124
1645878558069,0.58815,1.5698205,10.357412
1645878558132,0.4752395,1.05953,12.755637
1645878558199,-1.430478,0.5535586,11.781896
1645878558264,0.37118748,-0.9014553,10.705194
1645878558330,-1.4059136,-0.6928724,6.9021387
1645878558396,0.26304615,0.354361,8.023746
1645878558463,0.06745903,0.7404021,7.231102
1645878558528,0.4886757,1.4394324,9.324276
1645878558594,0.123617426,2.0118284,10.312296
1645878558661,0.4390966,1.2725661,12.069219
1645878558726,0.512838,1.1356273,11.801499
1645878558794,1.4579349,-0.59147316,12.772788
1645878558859,2.339413,0.26077646,7.505334
1645878558926,1.2909918,-0.26396552,8.095476
1645878558991,1.7788918,0.15111244,7.2960806
1645878559057,0.96246904,0.73941565,7.458015
1645878559123,0.616009,0.801119,9.726769
1645878559189,0.5551387,1.6327785,10.0003605
1645878559255,0.26853365,1.1580371,13.090978
1645878559320,-1.5960419,-0.44683465,13.971173
1645878559387,0.22142535,-1.4834282,11.116844
1645878559452,-1.5559916,-0.70109886,5.373106
1645878559519,-0.051810525,-0.22705652,8.178679
1645878559584,0.07506301,0.9293046,6.848269
1645878559651,0.9076706,1.6138548,9.883523
1645878559717,0.642326,1.9192111,10.477151
1645878559783,1.5572367,2.2681901,11.466205
1645878559848,1.5143135,0.8901259,13.070397
1645878559915,1.502965,-1.3134208,12.830239
1645878559980,1.093997,-0.1225927,6.83173
1645878560047,2.0334911,-0.2199218,7.2085867
1645878560112,1.2473503,0.34275392,6.1158447
1645878560179,0.7566252,0.5915115,8.173422
1645878560245,0.6534638,1.1713489,10.408601
1645878560310,0.7623617,1.2712828,12.85603
1645878560377,-0.38217205,1.2252376,13.326222
1645878560444,0.46508804,-1.4835336,12.766889
1645878560508,-1.4966441,-1.3191477,7.5197563
1645878560575,0.39128917,-0.025321078,6.546839
1645878560641,0.7152534,1.0185509,7.254297
1645878560707,0.72823954,1.1030278,8.933131
1645878560773,0.9146425,1.6270516,10.218644
1645878560838,1.2409818,2.182985,10.970127
1645878560906,1.1366999,1.6158947,12.262747
1645878560971,0.59406847,-0.6409374,13.654076
1645878561038,1.1912494,0.2773539,8.269218
1645878561104,0.14430334,0.07161536,7.4459863
1645878561168,1.4130578,0.31928116,7.1344433
1645878561234,0.9028151,0.6422973,7.238993
1645878561301,1.1508065,1.3449476,8.623771
1645878561367,1.062901,1.9408357,10.097211
1645878561432,0.74070853,0.972247,12.412978
1645878561499,-0.13078088,0.86746716,11.53783
1645878561565,-0.54462343,-1.5818299,13.402052
1645878561630,-0.69339913,-1.1600002,8.237968
1645878561696,0.40680358,-0.16556384,7.337606
1645878561763,0.50299305,0.4077996,7.573856
1645878561828,0.50555,0.87202567,8.762902
1645878561895,0.21488439,1.4601278,9.695291
1645878561960,0.57579595,1.8199381,10.04721
1645878562026,1.2436345,0.9298122,12.421951
1645878562094,1.2493806,-0.704355,13.135118
1645878562159,1.3646566,-0.75264126,9.8923435
1645878562224,0.67835397,-0.34821272,7.3084254
1645878562291,1.5162096,-0.20332518,7.86185
1645878562357,1.2233988,0.3780636,7.777162
1645878562423,0.8742954,1.0045208,8.989452
1645878562489,1.0777835,1.7965227,9.893157
1645878562554,0.65093553,1.4014508,11.895448
1645878562621,-0.49695966,0.98607594,11.394465
1645878562687,-1.6878356,-1.4310814,13.6938
1645878562752,-0.5906113,-0.70576274,8.036866
1645878562818,-0.39935285,-0.038307227,6.7548
1645878562885,-0.13395078,0.5701169,7.61268
1645878562951,0.07323384,1.1527314,8.068948
1645878563017,-0.28158686,1.5446144,10.03386
1645878563082,-0.2772294,2.0585442,10.0153675
1645878563148,0.7283832,1.3725288,12.079591
1645878563214,1.6937923,0.8602367,11.768401
1645878563280,1.0612442,-1.0508056,12.399532
1645878563346,0.46306735,-0.2133521,7.6591854
1645878563413,1.6022285,-0.033336863,7.822671
1645878563479,0.74689513,0.42494208,7.2230287
1645878563544,0.75444174,0.94153416,8.130747
1645878563611,1.0215771,1.399813,10.359538
1645878563676,1.0009391,1.4756423,11.102296
1645878563743,-9.576807E-4,0.65356916,12.830382
1645878563808,-2.6135967,-1.3829675,12.669004
1645878563874,-1.1056615,-1.2818173,9.266097
1645878563940,-0.9894948,-0.42847592,5.847895
1645878564007,-0.33278444,-0.0135320285,8.191493
1645878564072,-0.031210814,0.8296675,8.386056
1645878564139,-0.08664137,1.283972,10.502941
1645878564205,-0.044005428,1.8120468,9.775746
1645878564271,0.35420775,1.2109488,11.710146
1645878564336,0.8649963,1.2258505,12.494544
1645878564403,0.863081,-0.95449156,12.338987
1645878564469,1.5607992,-0.1930876,6.8709087
1645878564535,1.1142231,-0.6615275,6.9365864
1645878564601,2.1997063,-0.25407267,6.5511394
1645878564668,0.952174,0.47855303,8.160751
1645878564732,1.5123119,1.5081364,11.290787
1645878564798,-0.121807404,1.7056006,12.66253
1645878564864,-0.26402298,1.3740802,12.633121
1645878564931,-1.2863759,-0.7749264,12.388299
1645878564996,0.88642925,-0.99165916,8.953146
1645878565062,-1.0744601,-0.8932671,5.245639
1645878565128,0.797183,-0.04798938,8.366106
1645878565195,0.38713285,0.8718725,7.969282
1645878565260,1.1340568,2.0034392,9.818621
1645878565327,0.30169815,2.1263194,10.30383
1645878565394,1.11701,1.6425755,11.444705
1645878565459,1.1493988,0.75213367,12.334036
1645878565524,1.5709028,-1.496625,13.7425165
1645878565591,1.1706115,-0.20599711,6.043214
1645878565657,1.661758,-0.16785268,7.4077654
1645878565723,2.3599262,-0.35675523,8.363024
1645878565788,1.0030748,0.6716885,6.777324
1645878565855,0.6216497,1.6636446,9.897525
1645878565921,0.22948903,2.167078,10.631089
1645878565987,0.058734555,1.0282139,13.853684
1645878566052,-1.1269317,-0.17845422,12.500548
1645878566118,0.87824106,-1.1881561,10.151855
1645878566184,-0.76980287,-0.711461,6.193331
1645878566251,0.53895396,0.6027068,6.9176435
1645878566317,0.5440584,1.0700836,7.063891
1645878566382,1.1373032,1.408145,10.97299
1645878566448,1.1180252,2.0382893,10.843091
1645878566514,1.505656,1.4975828,12.69443
1645878566580,1.265374,0.28339687,11.932548
1645878566646,1.5147827,-1.1617146,11.937097
1645878566713,1.1149893,-0.22501665,7.4051127
1645878566779,1.696675,-0.3695977,7.923333
1645878566844,1.1695771,0.54743904,5.9245667
1645878566911,0.6457641,0.9647579,8.046787
1645878566977,0.8073248,1.5863502,10.419163
1645878567044,0.8077558,1.2566111,12.222036
1645878567109,-0.71118325,0.41756794,12.586318
1645878567174,-0.4705564,-1.3682863,13.468324
1645878567241,-1.7120169,-1.0626999,7.654866
1645878567306,-0.5091414,-0.06355169,8.36242
1645878567372,-0.5509154,0.76700646,7.231437
1645878567439,-0.36457947,1.1639267,7.4717193
1645878567505,0.63631177,1.0105637,10.260898
1645878567570,0.95331365,1.6058868,10.476691
1645878567637,1.557342,1.5521035,12.112372
1645878567702,1.3398048,-0.90880066,12.673821
1645878567769,1.9993979,-0.17937359,8.86252
1645878567835,1.4267335,-0.5697338,8.734853
1645878567901,2.2065248,0.16312174,7.5343037
1645878567966,1.4067564,0.75444174,7.0352945
1645878568033,1.4165342,1.2276031,9.275866
1645878568099,1.2668104,1.8856924,10.074734
1645878568165,1.1279085,1.2796817,11.85783
1645878568231,0.27093744,1.026672,11.409942
1645878568297,-0.3359448,-0.9449818,12.585159
1645878568363,-0.61514705,-0.7476709,8.310312
1645878568429,0.21571757,0.71683353,8.513666
1645878568495,0.1614937,1.4006654,6.6834807
1645878568560,0.7223977,1.1469471,8.718198
1645878568627,0.071854785,1.0414873,9.875612
1645878568695,0.06798575,2.1291063,10.083008
1645878568759,0.26873478,1.723107,11.8271265
1645878568824,1.0374076,-0.25219563,12.166145
1645878568890,1.0312306,-1.3256599,11.360889
1645878568956,0.04361278,-0.4169742,7.924645
1645878569022,1.3322488,0.03760812,8.145592
1645878569089,0.59215313,0.5549472,8.528491
1645878569154,0.034572273,0.7847236,8.567306
1645878569220,1.1460757,1.4083844,9.669223
1645878569286,1.007911,1.180332,10.724071
1645878569353,1.1316146,0.6841575,9.982586
1645878569420,-1.2685534,-1.2471397,12.37424
1645878569485,-0.2820657,-1.7207223,11.2360935
1645878569551,-2.5762663,-0.77006143,7.785015
1645878569616,-1.5109807,-0.5424686,10.269497
1645878569683,-1.5815139,-0.13686216,8.421423
1645878569749,-0.3954934,0.019029116,9.085172
1645878569815,0.107202776,-0.19346108,9.052419
1645878569881,0.17892347,-0.33625126,8.508456
1645878569946,0.47495216,-0.41477153,9.487359
1645878570013,1.0670096,-1.6058102,12.820241
1645878570078,0.6230479,-1.35123,10.201177
1645878570145,0.9962752,-0.9878955,8.978649
1645878570210,1.8361708,-0.9134263,9.920815
1645878570277,1.2084876,-1.1024532,10.048733
1645878570344,2.127727,0.12908578,8.489572
1645878570409,1.0739431,0.52046114,10.614875
1645878570475,0.71466917,1.0844585,10.042881
1645878570541,0.5175594,1.4886571,9.625065
1645878570606,-0.008197746,1.6200317,9.965444
1645878570673,-0.14553873,1.4870673,9.714225
1645878570738,-0.13656527,1.5391078,9.636767
1645878570805,-0.5257092,1.5327584,8.801401
1645878570870,-0.728115,1.7076309,9.055024
1645878570937,-0.7066534,1.5592383,10.39345
